# Prevent git from showing duplicate names with commands like "git shortlog"
# See the manpage of git-shortlog for details.
# The syntax is:
# Name that should be used <email that should be used> Bad name <bad email>
#
# You can skip Bad name if it is the same as the one that should be used, and is unique.
#
# This file is up-to-date if the command git log --format="%aN <%aE>" | sort -u
# gives no duplicates.

@8bitmp3 <19637339+8bitmp3@users.noreply.github.com>
@DWesl <22566757+DWesl@users.noreply.github.com>
@Endolith <endolith@gmail.com>
@Illviljan <14371165+Illviljan@users.noreply.github.com>
@LSchroefl <65246829+LSchroefl@users.noreply.github.com>
@Lbogula <bogulala7@gmail.com>
@Lisa <34400837+lyzlisa@users.noreply.github.com>
@Patrick <39380924+xamm@users.noreply.github.com>
@Scian <65375075+hoony6134@users.noreply.github.com>
@h-vetinari <h.vetinari@gmx.com>
@h6197627 <44726212+h6197627@users.noreply.github.com>
@jbCodeHub <besselingcodehub@gmail.com>
@legoffant <58195095+legoffant@users.noreply.github.com>
@luzpaz <kunda@scribus.net>
@luzpaz <kunda@scribus.net> <luzpaz@users.noreply.github.com>
@sfolje0 <sfolje0@github>
@spacescientist <aspacescientist@protonmail.com> <spacescientist@pm.me>
@tautaus <sunt9751@gmail.com>
@xoviat <49173759+xoviat@users.noreply.github.com>
@xoviat <49173759+xoviat@users.noreply.github.com> <xoviat@users.noreply.github.com>
@yan-wyb <yan-wyb@foxmail.com>
@yetanothercheer <yetanothercheer@protonmail.com>
Aaron Baecker <abaecker@localhost>
Aarthi Agurusa <agurusa@gmail.com>
Andrei Batomunkuev <abatomunkuev@myseneca.ca>
Ajay DS <turingman@protonmail.com>
Ajay DS <turingman@protonmail.com> <ajayds2001@gmail.com>
Alan Fontenot <logeaux@yahoo.com>
Alan Fontenot <logeaux@yahoo.com> <36168460+logeaux@users.noreply.github.com>
Abdul Muneer <abdulmuneer@gmail.com>
Abhilash Barigidad <abhilash.ub@gmail.com>
Abhilash Barigidad <abhilash.ub@gmail.com> <64172584+abhilash42@users.noreply.github.com>
Abhinav Reddy <abhinav071197@gmail.com>
Abel Aoun <aoun@cerfacs.fr>
Adam Ginsburg <adam.g.ginsburg@gmail.com> <keflavich@gmail.com>
Aerik Pawson <45904740+aerikpawson@users.noreply.github.com>
Ahmet Can Solak <asolak14@ku.edu.tr>
Albert Jornet Puig <albert.jornet@ic3.cat>
Alberto Rubiales <arubiales11@gmail.com>
Alex Rockhill <aprockhill206@gmail.com>
Alex Griffing <argriffi@ncsu.edu>
Alex Griffing <argriffi@ncsu.edu> <argriffing@gmail.com>
Alex Griffing <argriffi@ncsu.edu> <argriffing@users.noreply.github.com>
Alex Henrie <alexhenrie24@gmail.com> <alex.henrie@utah.edu>
Alex Rogozhnikov <iamfullofspam@gmail.com> <arogozhnikov@users.noreply.github.com>
Alex Thomas <alexthomas93@users.noreply.github.com>
Alexander Belopolsky <abalkin@enlnt.com>
Alexander Belopolsky <abalkin@enlnt.com> <a@enlnt.com>
Alexander Belopolsky <abalkin@enlnt.com> <abalkin@users.noreply.github.com>
Alexander Belopolsky <abalkin@enlnt.com> sasha <sasha@localhost>
Alexander Hunt <alexander.l.hunt951@gmail.com>
Alexander Jung <kontakt@ajung.name>
Alexander Shadchin <alexandr.shadchin@gmail.com>
Alexander Shadchin <alexandr.shadchin@gmail.com> <shadchin@yandex-team.ru>
Alizé Papp <68250865+alize-papp@users.noreply.github.com>
Allan Haldane <allan.haldane@gmail.com> <ealloc@gmail.com>
Al-Baraa El-Hag <a.elhag01@gmail.com> <48454648+a-elhag@users.noreply.github.com>
Alok Singhal <gandalf013@gmail.com> Alok Singhal <alok@merfinllc.com>
Alyssa Quek <alyssaquek@gmail.com>
Ankit Dwivedi <adwivedi@microsoft.com>
Ankit Dwivedi <adwivedi@microsoft.com> <ankit_dwivedi@outlook.com>
Amir Sarabadani <ladsgroup@gmail.com>
Anas Khan <anasalimkhan@gmail.com> <anas.khan96@outlook.com>
Anatoly Techtonik <techtonik@gmail.com>
Andras Deak <deak.andris@gmail.com> <adeak@users.noreply.github.com>
Andrea Olivo <andryandrew@gmail.com>
Andrea Pattori <andrea.pattori@gmail.com>
Andrea Sangalli <and-sang@outlook.com> <53617841+and-sang@users.noreply.github.com>
Andreas Klöckner <inform@tiker.net>
Andreas Schwab <schwab@suse.de> <schwab@linux-m68k.org>
Andrei Kucharavy <ank@andreikucharavy.com>
Andrew Lawson <andrew.lawson@nag.co.uk> <andrewl@olney.nag.co.uk>
Anirudh Subramanian <anirudh2290@ufl.edu>
Anne Archibald <peridot.faceted@gmail.com>
Anne Archibald <peridot.faceted@gmail.com> <archibald@astron.nl>
Anne Bonner <bonn0062@yahoo.com> <35413198+bonn0062@users.noreply.github.com>
Anthony Vo <anthonyhvo12@gmail.com> <43098273+anthonyhvo12@users.noreply.github.com>
Antoine Pitrou <antoine@python.org> <pitrou@free.fr>
Anže Starič <anze.staric@gmail.com>
Arfy Slowy <slowy.arfy@gmail.com>
Aron Ahmadia <aron@ahmadia.net>
Arun Palaniappen <arun.palaniappan1999@gmail.com>
Arun Persaud <apersaud@lbl.gov> <arun@nubati.net>
Ashutosh Singh <ashutoshsinghrkt@gmail.com>
Ashutosh Singh <ashutoshsinghrkt@gmail.com> <55102089+Ashutosh619-sudo@users.noreply.github.com>
Åsmund Hjulstad <ahju@statoil.com> <asmund@hjulstad.com>
Auke Wiggers <wiggers.auke@gmail.com>
Badhri Narayanan Krishnakumar <badhrinarayanan.k@gmail.com>
Bangcheng Yang <bangchengyang@hotmail.com>
Bhargav V <12525622+brpy@users.noreply.github.com>
Bas van Beek <b.f.van.beek@vu.nl> <43369155+BvB93@users.noreply.github.com>
Behzad Nouri <behzadnouri@gmail.com>
Ben Nathanson <github@bigriver.xyz>
Benjamin Root <ben.v.root@gmail.com>
Benjamin Root <ben.v.root@gmail.com> weathergod <?@?>
Bernardt Duvenhage <bernardt.duvenhage@gmail.com>
Bernie Gray <bfgray3@users.noreply.github.com>
Bertrand Lefebvre <bertrand.l3f@gmail.com>
Bharat Raghunathan <bharatraghunthan9767@gmail.com>
Bharat Raghunathan <bharatraghunthan9767@gmail.com> <bharatr@symphonyai.com>
Bob Eldering <eldering@jive.eu>
Brent Brewington <brent.brewington@gmail.com>
Brett R Murphy <bmurphy@enthought.com>
Brigitta Sipocz <bsipocz@gmail.com> <b.sipocz@gmail.com>
Brian Soto <iambriansoto@gmail.com>
Brian Soto <iambriansoto@gmail.com> <theintrocode@gmail.com>
Brian Soto <iambriansoto@gmail.com> <Iamsoto@users.noreply.github.com>
Bryan Van de Ven <bryanv@continuum.io> Bryan Van de Ven <bryan@Laptop-3.local>
Bryan Van de Ven <bryanv@continuum.io> Bryan Van de Ven <bryan@laptop.local>
Bui Duc Minh <buiducminh287@gmail.com> <41239569+Mibu287@users.noreply.github.com>
Carl Kleffner <cmkleffner@gmail.com>
Carl Leake <leakec57@gmail.com>
Charles Stern <62192187+cisaacstern@users.noreply.github.com>
Chiara Marmo <chiara.marmo@inria.fr>
Chiara Marmo <chiara.marmo@inria.fr> <marmochiaskl@gmail.com>
Chiara Marmo <chiara.marmo@inria.fr> <cmarmo@users.noreply.github.com>
Chris Barker <Chris.Barker@noaa.gov> <chris.barker@local>
Chris Burns <chris.burns@localhost>
Chris Fu (傅立业) <17433201@qq.com>
Chris Holland <chrisholland3553@gmail.com> <41524756+ChrisAHolland@users.noreply.github.com>
Chris Kerr <debdepba@dasganma.tk> <cjk34@cam.ac.uk>
Chris Vavaliaris <cv1038@wildcats.unh.edu>
Christian Clauss <cclauss@bluewin.ch>
Christopher Dahlin <christopher@dahlin.tech> <christopher@tracsense.tech>
Christopher Hanley <chanley@gmail.com>
Christoph Gohlke <cgohlke@uci.edu>
Christoph Gohlke <cgohlke@uci.edu> <cjgohlke@gmail.com>
Christoph Gohlke <cgohlke@uci.edu> cgholke <?@?>
Chunlin Fang <fangchunlin@huawei.com>
Chunlin Fang <fangchunlin@huawei.com> <qiyu8@foxmail.com>
Chunlin Fang <fangchunlin@huawei.com> <834352945@qq.com>
Colin Snyder <8csnyder@gmail.com> <47012605+colinsnyder@users.noreply.github.com>
Constanza Fierro <constanza.fierro94@gmail.com>
Daniel B Allan <daniel.b.allan@gmail.com>
Daniel da Silva <mail@danieldasilva.org> <daniel@meltingwax.net>
Daniel da Silva <mail@danieldasilva.org> <var.mail.daniel@gmail.com>
Daniel Hrisca <daniel.hrisca@gmail.com>
Daniel J Farrell <danieljfarrel@me.com>
Daniel Montes <53720019+Aerysv@users.noreply.github.com>
Daniel Müllner <Daniel Müllner muellner@math.stanford.edu>
Daniel Müllner <Daniel Müllner muellner@math.stanford.edu> Daniel <muellner@localhost.localdomain>
Daniel Rasmussen <daniel.rasmussen@appliedbrainresearch.com>
Daniel G. A. Smith <dgasmith@icloud.com>
Daniel G. A. Smith <dgasmith@icloud.com> <malorian@me.com>
Dario Mory <daaawx@gmail.com>
David Badnar <bdvd001@gmail.com>
David Cortes <david.cortes.rivera@gmail.com>
David Huard <david.huard@gmail.com> dhuard <dhuard@localhost>
David M Cooke <cookedm@localhost>
David Nicholson <davidjn@google.com> <dnic12345@gmail.com>
David Ochoa <ochoadavid@gmail.com>
David Pitchford <david.t.pitchford@gmail.com> <david.t.pitchford@gmail.com>
Davide Dal Bosco <davidemcwood@gmail.com> <62077652+davidedalbosco@users.noreply.github.com>
Dawid Zych <dawid.zych@yandex.com>
Dennis Zollo <dzollo@swift-nav.com>
Derek Homeier <derek@astro.physik.uni-goettingen.de>
Derek Homeier <derek@astro.physik.uni-goettingen.de> <dhomeie@gwdg.de>
Derek Homeier <derek@astro.physik.uni-goettingen.de> <derek@astro.phsik.uni-goettingen.de>
Derrick Williams <myutat@gmail.com>
Dima Pasechnik <dima@pasechnik.info>
Dima Pasechnik <dima@pasechnik.info> <dimpase@gmail.com>
Dmitriy Shalyga <zuko3d@gmail.com>
Dustan Levenstein <dlevenstein@gmail.com> <43019642+dustanlevenstein@users.noreply.github.com>
Dylan Cutler <dylancutler@google.com>
Ed Schofield <edschofield@localhost>
Egor Zindy <ezindy@gmail.com>
Elliott M. Forney <elliott.forney@gmail.com>
Erik M. Bray <erik.m.bray@gmail.com>
Erik M. Bray <erik.m.bray@gmail.com> <erik.bray@lri.fr>
Erik M. Bray <erik.m.bray@gmail.com> <embray@stsci.edu>
Eric Fode <ericfode@gmail.com> Eric Fode <ericfode@linuxlaptop.(none)>
Eric Quintero <eric.antonio.quintero@gmail.com>
Ernest N. Mamikonyan <ernest.mamikonyan@gmail.com>
Eskild Eriksen <eskild.eriksen122@gmail.com>
Eskild Eriksen <eskild.eriksen122@gmail.com> <42120229+iameskild@users.noreply.github.com>
Eskild Eriksen <eskild.eriksen122@gmail.com> <eskild@doublee.io>
Etienne Guesnet <etienne.guesnet.external@atos.net> <51407514+EGuesnet@users.noreply.github.com>
Eva Jau <evaj@posteo.de>
Evgeni Burovski <evgeny.burovskiy@gmail.com> Evgeni Burovski <evgeni@burovski.me>
Evgeny Toder <evgeny.toder@jpmorgan.com>
Fernando Perez <Fernando.Perez@berkeley.edu> <fperez@fperez.org>
Filip Trojan <f.trojan@centrum.cz> <Tarantula2018>
François Le Lay <mfworx@gmail.com> <fly@spotify.com>
Frank Breitling <frank.breitling@gmx.de>
Friedrich Dunne <dunneff@tcd.ie> dunneff <dunneff@tcd.ie>
Frederic Bastien <nouiz@nouiz.org> Frederic <nouiz@nouiz.org>
FX Coudert <fxcoudert@gmail.com>
Gael Varoquaux <gael.varoquaux@normalesup.org>
Gagandeep Singh <gdp.1807@gmail.com>
Gerrit Holl <gerrit.holl@gmail.com> <gerrit.holl@utoronto.ca>
Gerrit Holl <gerrit.holl@gmail.com> <g.holl@reading.ac.uk>
Giuseppe Venturini <ggventurini@users.noreply.github.com>
Golnaz Irannejad <golnazirannejad@gmail.com>
Gopal Singh Meena <gopalmeena94@gmail.com>
Greg Knoll <gregory@bccn-berlin.de>
Greg Yang <sorcererofdm@gmail.com>
Greg Young <gfyoung17@gmail.com>
Greg Young <gfyoung17@gmail.com> <gfyoung@mit.edu>
Gregory R. Lee <grlee77@gmail.com>
Gregory R. Lee <grlee77@gmail.com> <gregory.lee@cchmc.org>
Guo Ci <zguoci@gmail.com> guoci <zguoci@gmail.com>
Guo Shuai <gs0801@foxmail.com>
Hameer Abbasi <einstein.edison@gmail.com> <hameerabbasi@yahoo.com>
Han Genuit <hangenuit@gmail.com>
Hanno Klemm <hanno.klemm@maerskoil.com> hklemm <hanno.klemm@maerskoil.com>
Helder Oliveira <heldercro@gmail.com>
Hemil Desai <desai38@purdue.edu>
Himanshu <addyjeridiq@gmail.com>
Hiroyuki V. Yamazaki <hiroyuki.vincent.yamazaki@gmail.com>
Hugo van Kemenade <hugovk@users.noreply.github.com>
I-Shen Leong <i-shenl@activestate.com>
Imen Rajhi <imen.rajhi.ir@gmail.com>
Inessa Pawson <albuscode@gmail.com>
Irina Maria Mocan <28827042+IrinaMaria@users.noreply.github.com>
Irvin Probst <irvin.probst@ensta-bretagne.fr>
Isabela Presedo-Floyd <irpf.design@gmail.com> <ipresedo@calpoly.edu>
Gerhard Hobler <gerhard.hobler@tuwien.ac.at>
Giannis Zapantis <sdi1900059@di.uoa.gr>
Guillaume Peillex <guillaume.peillex@gmail.com>
Jack J. Woehr <jwoehr@softwoehr.com>
Jaime Fernandez <jaime.frio@gmail.com>
Jaime Fernandez <jaime.frio@gmail.com> <jaime.fernandez@hp.com>
Jaime Fernandez <jaime.frio@gmail.com> <jaimefrio@google.com>
Jamie Macey <dodgerbarker@gmail.com>
Jakob Jakobson <jakobjakobson13@posteo.de>
Jakob Jakobson <jakobjakobson13@posteo.de> <43045863+jakobjakobson13@users.noreply.github.com>
James Bourbeau <jrbourbeau@gmail.com> <jrbourbeau@users.noreply.github.com>
James Webber <jamestwebber@gmail.com>
Jan Schlüter <jan.schlueter@ofai.at> <github@jan-schlueter.de>
Jarrod Millman <millman@berkeley.edu> Jarrod Millman <jarrod.millman@gmail.com>
Jason Grout <jason-github@creativetrax.com> <jason.grout@drake.edu>
Jason King <pizza@netspace.net.au>
Jay Bourque <jay.bourque@continuum.io>
Jean Utke <jutke@allstate.com>
Jeff VanOss <vanossj@gmail.com> <vanossj@users.noreply.github.com>
Jeffrey Yancey <jeffrey@octane5.com> <3820914+jeffyancey@users.noreply.github.com>
Jeremy Lay <jlay80@gmail.com>
Jérémie du Boisberranger <jeremie.du-boisberranger@inria.fr> jeremiedbb <34657725+jeremiedbb@users.noreply.github.com>
Jérome Eertmans <jeertmans@icloud.com>
Jerome Kelleher <jerome.kelleher@ed.ac.uk>
Jessi J Zhao <35235453+jessijzhao@users.noreply.github.com>
Johannes Hampp <johannes.hampp@zeu.uni-giessen.de> <42553970+euronion@users.noreply.github.com>
Johannes Schönberger <hannesschoenberger@gmail.com> <jschoenberger@demuc.de>
Johann Faouzi <johann.faouzi@gmail.com> <johann.faouzi@icm-institute.org>
John Darbyshire <24256554+attack68@users.noreply.github.com> <24256554+attack68@users.noreply.github.com>
John Hagen <johnthagen@gmail.com> <johnthagen@users.noreply.github.com>
John Kirkham <jakirkham@gmail.com>
John Kirkham <jakirkham@gmail.com> <kirkhamj@janelia.hhmi.org>
Jonas I. Liechti <jonas.i.liechti@gmail.com>
Jonas I. Liechti <jonas.i.liechti@gmail.com> <jonas.i.liechti@protonmail.ch>
Jonas I. Liechti <jonas.i.liechti@gmail.com> <jonas.liechti@uzh.ch>
Joseph Fox-Rabinovitz <jfoxrabinovitz@gmail.com>
Joseph Fox-Rabinovitz <jfoxrabinovitz@gmail.com> <joseph.r.fox-rabinovitz@nasa.gov>
Joseph Fox-Rabinovitz <jfoxrabinovitz@gmail.com> <madphysicist@users.noreply.github.com>
Joseph Martinot-Lagarde <contrebasse@gmail.com> <joseph.martinot-lagarde@onera.fr>
Joshua Himmens <joshua.himmens@gmail.com>
Julian Taylor <juliantaylor108@gmail.com>
Julian Taylor <juliantaylor108@gmail.com> <jtaylor.debian@googlemail.com>
Julian Taylor <juliantaylor108@gmail.com> <jtaylor108@googlemail.com>
Julien Lhermitte <jrmlhermitte@gmail.com> Julien Lhermitte <lhermitte@bnl.gov>
Julien Schueller <julien.schueller@gmail.com>
Justus Magin <keewis@posteo.de>
Justus Magin <keewis@posteo.de> <keewis@users.noreply.github.com>
Kai Striega <kaistriega@gmail.com>
Kai Striega <kaistriega@gmail.com> <kaistriega+github@gmail.com>
Kasia Leszek <kati.leszek@gmail.com>
Kasia Leszek <kati.leszek@gmail.com> <39829548+katleszek@users.noreply.github.com>
Karan Dhir <karan.dhir@berkeley.edu> <kurrandhir@gmail.com>
Keller Meier <max.kellermeier@hotmail.de>
Kenny Huynh <hkennyv@gmail.com>
Kevin Granados <kevingranados62@gmail.com>
Kevin Granados <kevingranados62@gmail.com> <54990613+NectDz@users.noreply.github.com>
Kevin Sheppard <kevin.k.sheppard@gmail.com> <bashtage@users.noreply.github.com>
Kevin Sheppard <kevin.k.sheppard@gmail.com> <kevin.sheppard@gmail.com>
Kerem Hallaç <hallackerem@gmail.com>
Khaled Ben Abdallah Okuda <khaled.ben.okuda@gmail.com>
Kiko Correoso <kachine@protonmail.com> kikocorreoso <kikocorreoso@gmail.com>
Kiko Correoso <kachine@protonmail.com> kikocorreoso <kikocorreoso@users.noreply.github.com>
Konrad Kapp <k_kapp@yahoo.com>
Kriti Singh <kritisingh1.ks@gmail.com>
Kmol Yuan <pyslvs@gmail.com>
Kumud Lakara <55556183+kumudlakara@users.noreply.github.com>
Lalit Musmade <lalitmusmade2@gmail.com>
Lars Buitinck <larsmans@gmail.com> Lars Buitinck <l.buitinck@esciencecenter.nl>
Lars Buitinck <larsmans@gmail.com> Lars Buitinck <L.J.Buitinck@uva.nl>
Lars Grüter <lagru@mailbox.org>
Lars Grüter <lagru@mailbox.org> <lagru@users.noreply.github.com>
Leonardus Chen <leonardus.chen@gmail.com>
Licht Takeuchi <licht-t@outlook.jp> <licht-t@math.dis.titech.ac.jp>
Luis Pedro Coelho <luis@luispedro.org> <lpc@cmu.edu>
Luke Zoltan Kelley <lkelley@cfa.harvard.edu>
Madhulika Jain Chambers <madhulikajain@gmail.com> <53166646+madhulikajc@users.noreply.github.com>
Magdalena Proszewska <magdalena.proszewska@gmail.com>
Magdalena Proszewska <magdalena.proszewska@gmail.com> <38814059+mproszewska@users.noreply.github.com>
Malik Idrees Hasan Khan <77000356+MalikIdreesHasanKhan@users.noreply.github.com>C
Manoj Kumar <manojkumarsivaraj334@gmail.com>
Marcin Podhajski <podhajskimarcin@gmail.com> <36967358+m-podhajski@users.noreply.github.com>
Margret Pax <pax.margret@tutanota.com>
Margret Pax <pax.margret@tutanota.com> <13646646+paxcodes@users.noreply.github.com>
Mark DePristo <mdepristo@synapdx.com>
Mark Weissman <mw9050@gmail.com>
Mark Wiebe <mwwiebe@gmail.com>
Mark Wiebe <mwwiebe@gmail.com> <mwiebe@continuum.io>
Mark Wiebe <mwwiebe@gmail.com> <mwiebe@enthought.com>
Mark Wiebe <mwwiebe@gmail.com> <mwiebe@georg.(none)>
Mars Lee <mlee@quansight.com>
Mars Lee <mlee@quansight.com> <46167686+MarsBarLee@users.noreply.github.com>
Martin Goodson <martingoodson@gmail.com>
Martin Reinecke <martin@mpa-garching.mpg.de>
Martin Teichmann <martin.teichmann@xfel.eu> <lkb.teichmann@gmail.com>
Mary Conley <sleeplessinseattle.dev@gmail.com>
Masashi Kishimoto <drehbleistift@gmail.com>
Matheus Vieira Portela <matheus.v.portela@gmail.com>
Mathieu Lamarre <mlamarre@ea.com> <mathieu@vlam3d.com>
Matías Ríos <riosm@dickinson.edu>
Matt Ord <Matthew.ord1@gmail.com>
Matt Ord <Matthew.ord1@gmail.com> <55235095+Matt-Ord@users.noreply.github.com>
Matt Hancock <not.matt.hancock@gmail.com> <mhancock743@gmail.com>
Martino Sorbaro <martino.sorbaro@ed.ac.uk>
Mattheus Ueckermann <empeeu@yahoo.com>
Matthew Barber <quitesimplymatt@gmail.com>
Matthew Harrigan <harrigan.matthew@gmail.com>
Matthias Bussonnier <bussonniermatthias@gmail.com> <mbussonnier@ucmerced.edu>
Matti Picus <matti.picus@gmail.com>
Maximilian Konrad <maximilianlukaskonrad@hotmail.de>
Melissa Weber Mendonça <melissawm@gmail.com>
Melissa Weber Mendonça <melissawm@gmail.com> <melissawm.github@gmail.com>
Meltem Eren Copur <mecopur@outlook.com>
Michael Behrisch <oss@behrisch.de> behrisch <behrisch@users.sourceforge.net>
Michael Droettboom <mdboom@gmail.com> mdroe <mdroe@localhost>
Michael Dubravski <mdubravski@gmail.com>
Michael Dubravski <mdubravski@gmail.com> <41096057+mdubravski@users.noreply.github.com>
Michael Felt <aixtools@gmail.com> <aixtools@users.noreply.github.com>
Michael Hirsch <scivision@users.noreply.github.com>
Michael K. Tran  <trankmichael@gmail.com>
Michael Martin <mmartin4242@gmail.com>
Michael Schnaitter <schnaitterm@knights.ucf.edu> <schnaitterm@users.noreply.github.com>
Michael Seifert <michaelseifert04@yahoo.de>
Michel Fruchart <michel.fruchart@ens-lyon.org> <fruchart@users.noreply.github.com>
Mike Toews <mwtoews@gmail.com>
Mircea Akos Bruma <bruma.mircea.a@gmail.com>
Mircea Akos Bruma <bruma.mircea.a@gmail.com> <akos@debian-gnu-linux-vm.localdomain>
Mitchell Faas <Faas.Mitchell@gmail.com> <35742861+Mitchell-Faas@users.noreply.github.com>
Muhammad Kasim <firman.kasim@gmail.com>
Mukulika Pahari <mukulikapahari@gmail.com>
Mukulika Pahari <mukulikapahari@gmail.com> <60316606+Mukulikaa@users.noreply.github.com>
Nathaniel J. Smith <njs@pobox.com>
Naveen Arunachalam <notatroll.troll@gmail.com> naveenarun <notatroll.troll@gmail.com>
Neil Girdhar <mistersheik@gmail.com>
Nick Papior <nickpapior@gmail.com>
Nicola Soranzo <nicola.soranzo@gmail.com> <nicola.soranzo@earlham.ac.uk>
Nicolas Scheffer <nicolas.scheffer@sri.com> Nicolas Scheffer <scheffer@speech.sri.com>
Nicholas A. Del Grosso <delgrosso@bio.lmu.de> nickdg <delgrosso@bio.lmu.de>
Nicholas McKibben <nicholas.bgp@gmail.com>
Nick Minkyu Lee <mknicklee@protonmail.com> fivemok <9394929+fivemok@users.noreply.github.com>
Oliver Eberle <oliver_eberle@web.de>
Omid Rajaei <rajaei.net@gmail.com>
Omid Rajaei <rajaei.net@gmail.com> <89868505+rajaeinet@users.noreply.github.com>
Ondřej Čertík <ondrej.certik@gmail.com>
Óscar Villellas Guillén <oscar.villellas@continuum.io>
Panos Mavrogiorgos <pmav99@users.noreply.github.com>
Pat Miller <patmiller@localhost> patmiller <patmiller@localhost>
Paul Ivanov <pivanov5@bloomberg.net> <pi@berkeley.edu>
Paul Ivanov <pivanov5@bloomberg.net> <paul.ivanov@local>
Paul YS Lee <leeyspaul@gmail.com> Paul <leeyspaul@users.noreply.github.com>
Paul Jacobson <hpj3@myuw.net>
Pearu Peterson <pearu.peterson@gmail.com> <pearu@pearu-laptop.(none)>
Pete Peeradej Tanruangporn <pete.tanru@gmail.com>
Peter Bell <peterbell10@live.co.uk>
Peter J Cock <p.j.a.cock@googlemail.com>
Phil Elson <pelson.pub@gmail.com>
Pierre GM <pierregmcode@gmail.com>
Pierre GM <pierregmcode@gmail.com> pierregm <pierregm@localhost>
Piotr Gaiński <dociebieaniuszlem@gmail.com>
Piotr Gaiński <dociebieaniuszlem@gmail.com> Pan Jan <rumcajsgajos@gmail.com>
Prabhu Ramachandran <prabhu@localhost> prabhu <prabhu@localhost>
Prathmesh Shirsat <patushir@gmail.com>
Prathmesh Shirsat <patushir@gmail.com> <55539563+Fayyr@users.noreply.github.com>
Przemyslaw Bartosik <sendthenote@gmail.com>
Raghuveer Devulapalli <me.raghuveer@gmail.com> <raghuveer.devulapalli@intel.com>
Raghuveer Devulapalli <me.raghuveer@gmail.com> <44766858+r-devulap@users.noreply.github.com>
Rajas Rade <raderajas@gmail.com> lkdmttg7 <inprovertmer07@gmail.com>
Rakesh Vasudevan <rakesh.nvasudev@gmail.com>
Ralf Gommers <ralf.gommers@gmail.com> <ralf.gommers@googlemail.com>
Rehas Sachdeva <aquannie@gmail.com>
Ritta Narita <narittan@gmail.com>
Riya Sharma <navneet.nmk@gmail.com>
Robert Kern <rkern@enthought.com> <robert.kern@gmail.com>
Robert LU <robberphex@gmail.com>
Robert T. McGibbon <rmcgibbo@gmail.com>
Rohit Goswami <rog32@hi.is>
Rohit Goswami <rog32@hi.is> <rohit.goswami@aol.com>
Rohit Goswami <rog32@hi.is> <r95g10@gmail.com>
Roland Kaufmann <rka081+numpy@uib.no> <roland.kaufmann@uni.no>
Roman Yurchak <rth.yurchak@gmail.com> <rth.yurchak@pm.me>
Ronan Lamy <ronan.lamy@gmail.com> Ronan Lamy <Ronan.Lamy@normalesup.org>
Roy Jacobson <roi.jacobson1@gmail.com>
Russell Hewett <rhewett@mit.edu>
Ryan Blakemore <rbtnet@gmail.com>
Ryan Polley <rypolley@gmail.com> <rypolley+github@gmail.com>
Ryan Soklaski <rsoklaski@gmail.com> <ry26099@mit.edu>
Ryan Soklaski <rsoklaski@gmail.com> <ryan.soklaski@gmail.com>
Sabrina Simao <sabrina_simao@hotmail.com>
Sabrina Simao <sabrina_simao@hotmail.com> SabrinaSimao <sabrinass@al.insper.edu.br>
Sam Preston <j.sam.preston@gmail.com>
Sam Radhakrishnan <sk09idm@gmail.com> = <=> # committed without an email address
Samesh Lakhotia <samesh.lakhotia@gmail.com>
Samesh Lakhotia <samesh.lakhotia@gmail.com> <43701530+sameshl@users.noreply.github.com>
Sami Salonen <ssalonen@gmail.com> <sami.salonen@eniram.fi>
Sanchez Gonzalez Alvaro <as12513@imperial.ac.uk>
Saullo Giovani <saullogiovani@gmail.com>
Saurabh Mehta <e.samehta@gmail.com>
Sayantika Banik <sayantikabanik122@gmail.com>
Sebastian Berg <sebastian@sipsolutions.net>
Sebastian Schleehauf <slepton@posteo.de>
Serge Guelton <serge.guelton@telecom-bretagne.eu>
Sergei Vorfolomeev <svorfolomeev@vmssoftware.com> <39548292+vorfol@users.noreply.github.com>
Shubham Gupta <mastershubham@gmail.com>
Shubham Gupta <mastershubham@gmail.com> <63910248+shubham11941140@users.noreply.github.com>
Shekhar Prasad Rajak <shekharrajak@live.com>
Shen Zhou <shen_zhou@u.nus.edu>
Shota Kawabuchi <shota.kawabuchi+GitHub@gmail.com>
Siavash Eliasi <siavashserver@gmail.com>
Simon Conseil <contact@saimon.org> <simon.conseil@univ-lyon1.fr>
Simon Gasse <simon.gasse@gmail.com>
Simon Gasse <simon.gasse@gmail.com> <sgasse@users.noreply.github.com>
Sista Seetaram <hanumaseetaram@gmail.com>
Sista Seetaram <hanumaseetaram@gmail.com> <65669128+sistaseetaram@users.noreply.github.com>
Søren Rasmussen <soren.rasmussen@alexandra.dk> <47032123+sorenrasmussenai@users.noreply.github.com>
Spencer Hill <spencerahill@gmail.com> <shill@atmos.ucla.edu>
Stefan Behnel <stefan_ml@behnel.de>
Stefan van der Walt <stefanv@berkeley.edu> <sjvdwalt@gmail.com>
Stefan van der Walt <stefanv@berkeley.edu> <stefan@sun.ac.za>
Stephan Hoyer <shoyer@gmail.com> <shoyer@climate.com>
Stephan Hoyer <shoyer@gmail.com> <shoyer@google.com>
Steve Stagg <stestagg@gmail.com> <ste@sta.gg>
Steven J Kern <kern.steven0@gmail.com>
Stuart Archibald <stuart.archibald@googlemail.com> <stuart@opengamma.com>
Stuart Archibald <stuart.archibald@googlemail.com> <stuartarchibald@users.noreply.github.com>
SuryaChand P <psschand@gmail.com>
Takanori Hirano <takanori17h@gmail.com>
Theodoros Nikolaou <nikolaoutheod@gmail.com>
David Cortes <david.cortes.rivera@gmail.com>
Thomas A Caswell <tcaswell@gmail.com> <tcaswell@bnl.gov>
Thomas Kluyver <takowl@gmail.com> <thomas@kluyver.me.uk>
Thomas Orgis <thomas.orgis@uni-hamburg.de>
Tim Cera <tim@cerazone.net> <tcera@sjrwmd.com>
Tim Teichmann <t.teichmann@dashdos.com>
Tim Teichmann <t.teichmann@dashdos.com> <44259103+tteichmann@users.noreply.github.com>
Tirth Patel <tirthasheshpatel@gmail.com>
Tobias Pitters <tobias.pitters@gmail.com> <tobias.pitters@gmx.de>
Tobias Pitters <tobias.pitters@gmail.com> <31857876+CloseChoice@users.noreply.github.com>
Tobias Uelwer <tobias.uelwer@googlemail.com> <tobias.uelwer@uni-duesseldorf.de>
Tom Boyd <tboyd@scitec.com> <pezcore@users.noreply.github.com>
Tom Poole <t.b.poole@gmail.com>
Tong Zou <tongzou@uw.edu>
Tony LaTorre <tlatorre@uchicago.edu>
Toshiki Kataoka <kataoka@preferred.jp> <tos.lunar@gmail.com>
Travis Oliphant <teoliphant@gmail.com>
Travis Oliphant <teoliphant@gmail.com> <oliphant@enthought.com>
Travis Oliphant <teoliphant@gmail.com> <travis@continuum.io>
Valentin Haenel <valentin@haenel.co> <valentin.haenel@gmx.de>
Valentin Haenel <valentin@haenel.co> <vhaenel@anaconda.com>
Varun Nayyar <nayyarv@gmail.com> <nayyarv@users.noreply.github.com>
Vinith Kishore <vinith.kishore@unibas.ch>
Vinith Kishore <vinith.kishore@unibas.ch> <85550536+vinith2@users.noreply.github.com>
Vrinda Narayan <talk2vrinda@gmail.com>
Vrinda Narayan <talk2vrinda@gmail.com> <vrinda18120@iiitd.ac.in>
Vrinda Narayan <talk2vrinda@gmail.com> <48102157+vrindaaa@users.noreply.github.com>
Wansoo Kim <rladhkstn8@gmail.com>
Warren Weckesser <warren.weckesser@gmail.com>
Warren Weckesser <warren.weckesser@gmail.com> <warren.weckesser@enthought.com>
Weitang Li <liwt31@163.com>
Wendell Smith <wendellwsmith@gmail.com> <wackywendell@gmail.com>
William Spotz <wfspotz@sandia.gov> <wfspotz@sandia.gov@localhost>
Wim Glenn <wim.glenn@melbourneit.com.au>
Wojtek Ruszczewski <git@wr.waw.pl>
Wojciech Rzadkowski <wojciech.rzadkowski@gmail.com> <33913808+wrzadkow@users.noreply.github.com>
Yang Hau <yuanyanghau@gmail.com>
Yang Hau <yuanyanghau@gmail.com> <vulxj0j8j8@gmail.com>
Yashasvi Misra <yashasvimisra_bh@srmuniv.edu.in>
Yashasvi Misra <yashasvimisra_bh@srmuniv.edu.in> <54177363+yashasvimisra2798@users.noreply.github.com>
Yogesh Raisinghani <vanshita12004@gmail.com> <46864533+raisinghanii@users.noreply.github.com>
Yu Feng <rainwoodman@gmail.com> <feyu@google.com>
Yuji Kanagawa <yuji.kngw.80s.revive@gmail.com>
Yury Kirienko <yury.kirienko@gmail.com>
Zac Hatfield-Dodds <zac.hatfield.dodds@gmail.com>
Zé Vinícius <jvmirca@gmail.com>
Zhang Na <zhangna@loongson.cn>
Zixu Zhao <zixu.zhao.tireless@gmail.com>
Ziyan Zhou <ziyan.zhou@mujin.co.jp>
Zieji Pohz <poh.ziji@gmail.com>
Zieji Pohz <poh.ziji@gmail.com> <8103276+zjpoh@users.noreply.github.com>
Zolboo Erdenebaatar <erdenebz@dickinson.edu>
Zolisa Bleki <zolisa.bleki@gmail.com> <44142765+zoj613@users.noreply.github.com>
